OnePlus Nord CE 5G (Blue Void 8GB RAM 128GB Storage),45900.0,4.2,4.0
Samsung Galaxy M42 5G (Prism Dot Black 8GB RAM 128GB Storage),9490.0,4.3,47.0
Vivo Y20G 2021 (Obsidiant Black 4GB RAM 64GB Storage) with No Cost EMI/Additional Exchange Offers,44000.0,4.2,327.0
Redmi Note 9 (Arctic White 4GB RAM 64GB Storage) - 48MP Quad Camera & Full HD+ Display,21490.0,4.3,11236.0
Realme 8 Pro (Infinite Blue 8GB RAM 128GB Storage),39999.0,4.4,1238.0
Redmi 9 Power (Mighty Black 4GB RAM 64GB Storage) - 6000mAh Battery |FHD+ Screen | 48MP Quad Camera | Alexa Hands-Free Capable,9490.0,4.3,48.0
Vivo Y51A (Crystal Symphony 8GB 128GB Storage) with No Cost EMI/Additional Exchange Offers,10999.0,4.3,9.0
Redmi Note 10 Pro Max (Glacial Blue 8GB RAM 128GB Storage) -108MP Quad Camera | 120Hz Super Amoled Display | NCEMI Upto 6 Months,775.0,4.3,15.0
Redmi 9A (Sea Blue 2GB RAM 32GB Storage) | 2GHz Octa-core Helio G25 Processor | 5000 mAh Battery,41990.0,2.0,4489.0
Samsung Galaxy F62 (Laser Green 6GB RAM 128GB Storage),9999.0,2.5,13.0
Samsung Galaxy M32 (Light Blue 4GB RAM 64GB Storage) 6 Months Free Screen Replacement for Prime,7299.0,4.3,46.0
Tecno Spark 7T(Jewel Blue 4GB RAM 64GB Storage) 6000 mAh Battery| 48 MP AI Dual Rear Camera 6.52 Handy Size,36499.0,3.3,5264.0
OPPO F19 Pro (Fluid Black 8GB RAM 128GB Storage) with No Cost EMI/Additional Exchange Offers,8999.0,4.0,4.0
iQOO 7 5G (Solid Ice Blue 12GB RAM 256GB Storage)| Upto 9 Months No Cost EMI | 3GB Extended RAM | Extra Rs.2000 Off on Exchange,6999.0,3.1,3814.0
Samsung Galaxy M51 (Electric Blue 6GB RAM 128GB Storage) 6 Months Free Screen Replacement for Prime,19990.0,3.7,402.0
Samsung Galaxy S20 FE (Cloud Lavender 8GB RAM 128GB Storage) Without Offer,41999.0,4.1,35.0
(Renewed) Vivo X50 (Glaze Black 8GB RAM 128GB Storage) Without Offer,1329.0,4.1,52867.0
Vivo Y1s (Olive Black 3GB RAM 32GB Storage) with No Cost EMI/Additional Exchange Offers,42299.0,4.0,77740.0
Samsung Galaxy M51 (Electric Blue 6GB RAM 128GB Storage) 6 Months Free Screen Replacement for Prime,42299.0,4.2,8.0
iQOO Z3 5G (Cyber Blue 8GB RAM 256GB Storage) | India's First SD 768G 5G Processor | 55W FlashCharge | Upto 6 Months No Cost EMI | Extra Rs.2000 Off on Exchange,10490.0,5.0,1396.0
(Renewed) Samsung Galaxy S10 Lite (Prism White 8GB RAM 128GB Storage),14999.0,4.2,392.0
OnePlus 6T (Mirror Black 6GB RAM 128GB Storage),6999.0,4.2,2103.0
Tecno Spark Go 2021 (Galaxy Blue 2GB RAM 32GB Storage)|5000mAh| 6.52 Display Smartphone,7699.0,3.4,952.0
iQOO Z3 5G (Ace Black 8GB RAM 256GB Storage) | India's First SD 768G 5G Processor | 55W FlashCharge | Upto 6 Months No Cost EMI | Extra Rs.2000 Off on Exchange,9998.0,4.3,1238.0
Samsung Galaxy M02s (Black4GB RAM 64GB Storage) | 5000 mAh | Triple Camera,14900.0,4.2,18.0
iQOO Z3 5G (Ace Black 8GB RAM 256GB Storage) | India's First SD 768G 5G Processor | 55W FlashCharge | Upto 6 Months No Cost EMI | Extra Rs.2000 Off on Exchange,22990.0,4.3,21078.0
(Renewed) OnePlus 7T Pro (Haze Blue 8GB RAM Fluid AMOLED Display 256GB Storage 4085mAH Battery),19990.0,4.1,9.0
Samsung Galaxy S10 Lite (Prism Blue 8GB RAM 512GB Storage),15990.0,4.0,2705.0
Redmi Note 10S (Shadow Black 6GB RAM 64GB Storage) - Super Amoled Display | 64 MP Quad Camera|NCEMI Offer on HDFC Cards,49990.0,4.3,489.0
Maplin Map4 5G (4GB / 64 GB) with 6.53 Inch Screen and 5000 mAh Smartphone (Magma Black,20499.0,4.3,4133.0
Samsung Galaxy M32 (Light Blue 6GB RAM 128GB Storage) 6 Months Free Screen Replacement for Prime,41999.0,3.7,25.0
Samsung Galaxy M02s (Red4GB RAM 64GB Storage) | 5000 mAh | Triple Camera,23999.0,4.2,411.0
Samsung Galaxy M02 (Gray2GB RAM 32GB Storage),29990.0,4.2,388.0
iQOO 7 5G (Solid Ice Blue 8GB RAM 128GB Storage)| Upto 9 Months No Cost EMI | 3GB Extended RAM | Extra Rs.2000 Off on Exchange,43999.0,4.1,5.0
Redmi Note 10 Pro (Glacial Blue 6GB RAM 128GB Storage) -120hz Super Amoled Display|64MP with 5mp Super Tele- Marcro,38799.0,2.3,39.0
Redmi Note 10 (Aqua Green 4GB RAM 64GB Storage) -Amoled Dot Display | 48MP Sony Sensor IMX582 | Snapdragon 678 Processor,10499.0,4.5,701.0
Oppo A31 (Fantasy White 6GB RAM 128GB Storage) with No Cost EMI/Additional Exchange Offers,11490.0,4.0,20993.0
Samsung Galaxy M02s (Blue4GB RAM 64GB Storage) | 5000 mAh | Triple Camera,17380.0,4.2,4.0
Tecno Spark 7T(Magnet Black 4GB RAM64GB Storage) 6000 mAh Battery| 48 MP AI Dual Rear Camera,29999.0,2.9,62.0
LG Velvet Illusion Sunset 6GB RAM 128GB Storage P-OLED FHD+ Display Snapdragon 845 Processor Smartphone,59999.0,4.1,93164.0
IKALL K260 4G Volte Smartphone (5.5 Inch 2GB 16GB) - Purple,6899.0,3.4,327.0
Oppo A31 (Mystery Black 6GB RAM 128GB Storage) with No Cost EMI/Additional Exchange Offers,39999.0,4.0,489.0
Google Pixel 3 XL (Not Pink 64 GB) (4 GB RAM),6999.0,4.2,65795.0
iQOO 7 5G (Storm Black 8GB RAM 128GB Storage)| Upto 9 Months No Cost EMI | 3GB Extended RAM | Extra Rs.2000 Off on Exchange,20990.0,4.4,1963.0
Lava Z6 Aqua Blue 6GB RAM 64GB Storage Regular,1762.67,3.9,1220.0
Samsung Galaxy F62 (Laser Green 8GB RAM 128GB Storage),31999.0,5.0,14576.0
OPPO F19 Pro+ 5G (Space Silver 8GB RAM 128GB Storage) with No Cost EMI/Additional Exchange Offers,6799.0,4.5,49080.0
Samsung Galaxy S20 FE 5G (Cloud Navy 8GB RAM 128GB Storage),35990.0,4.3,27.0
Micromax Dual 5 E4820 (Champagne 128GB),17990.0,4.1,44.0
MI 11X Pro 5G (Celestial Silver 8GB RAM 256GB Storage) | Snapdragon 888 | 108MP Camera | Upto 2000 Additional Exchange,10490.0,3.1,30056.0
OnePlus 8T 5G (Aquamarine Green 8GB RAM 128GB Storage),11490.0,4.3,4984.0
Redmi 9 Prime (Mint Green 4GB RAM 64GB Storage)- Full HD+ Display & AI Quad Camera,11999.0,4.4,383.0
Google Pixel 4a (Just Black 6GB RAM 128GB Storage),24999.0,4.3,4984.0
Mi 11 Lite (Jazz Blue 6GB RAM 128GB Storage),29990.0,4.3,2705.0
OPPO A15s (Dynamic Black 4GB RAM 64GB Storage) With No Cost EMI/Additional Exchange Offers,33990.0,3.4,5.0
Karbonn K9 Smart (Grey Sandstone 8GB),14999.0,4.3,769.0
iQOO Z3 5G (Cyber Blue 8GB RAM 256GB Storage) | India's First SD 768G 5G Processor | 55W FlashCharge | Upto 6 Months No Cost EMI | Extra Rs.2000 Off on Exchange,24899.0,4.1,2935.0
Samsung Galaxy M31s (Mirage Blue 8GB RAM 128GB Storage) 6 Months Free Screen Replacement for Prime,11499.0,4.3,1963.0
Vivo Y51A (Titanium Sapphire 8GB 128GB Storage) with No Cost EMI/Additional Exchange Offers,14999.0,4.1,5264.0
LG W41 Pro Laser Blue 6GB Ram 128GB Storage (48MP AI Quad Camera),39999.0,4.3,310.0
Samsung A32 (White 6GB RAM 128GB Storage) Without Offers,31999.0,3.8,708.0
Maplin Map4 5G (4GB / 64 GB) with 6.53 Inch Screen and 5000 mAh Smartphone (Rainbow Black),34990.0,3.9,539.0
iQOO Z3 5G (Cyber Blue 8GB RAM 128GB Storage) | India's First SD 768G 5G Processor | 55W FlashCharge | Upto 6 Months No Cost EMI | Extra Rs.2000 Off on Exchange,7699.0,4.3,1 rating
OPPO A74 5G (Fantastic Purple 6GB RAM 128GB Storage)| 5000 mAh | 18W Fast Charge | 90Hz Super Amoled Display,15490.0,4.3,9.0
Tecno Spark 7 Pro (Alps Blue 4GB RAM 64GB Storage),24800.0,4.2,4489.0
Micromax in Note 1 (Green 4GB RAM 64GB Storage),23999.0,4.1,411.0
(Renewed) OPPO Find X2 (Black 12GB RAM 256GB Storage) with No Cost EMI/Additional Bank Offers,7499.0,4.2,21689.0
(Renewed) OPPO Find X2 (Ocean 12GB RAM 256GB Storage) with No Cost EMI/Additional Bank Offers,21999.0,3.5,21077.0
Nokia 3.4 Fjord 4GB RAM 64GB Storage,41999.0,4.1,26.0
Redmi Note 9 Pro (Interstellar Black 4GB RAM 64GB Storage)- Latest 8nm Snapdragon 720G & Alexa Hands-Free Capable,20990.0,4.3,3137.0
iQOO 7 Legend 5G (Legendary Track Design 8GB RAM 128GB Storage) | Upto 9 Months No Cost EMI | 3GB Extended RAM | Rs.2000 Coupon Discount,10999.0,3.7,14576.0
Gionee F11 Blue (3GB Ram 32GB ROM) 5000mAh Battery Dual Camera,20990.0,3.6,1 rating
Micromax X755 (Blue),45999.0,4.0,205.0
Samsung A32 (Blue 6GB RAM 128GB Storage) Without Offers,13849.0,4.6,708.0
(Renewed) OnePlus 5 (Slate Grey 6GB RAM 64GB Storage),49990.0,4.1,9.0
OnePlus 9R 5G (Carbon Black 8GB RAM 128GB Storage),35990.0,4.3,985.0
Samsung Galaxy A22 (Black 6GB RAM 128GB Storage) with No Cost EMI/Additional Exchange Offers,10499.0,4.4,4573.0
(Renewed) OnePlus 8T 5G (Aquamarine Green 8GB RAM 128GB Storage),29990.0,4.3,11624.0
Samsung Galaxy F62 (Laser Grey 8GB RAM 128GB Storage),45900.0,4.2,70126.0
Samsung Galaxy M11 (Violet 4GB RAM 64GB Storage) with No Cost EMI/Additional Exchange Offers,40799.15,3.8,1238.0
Nokia 3.4 (Charcoal  4GB RAM 64GB Storage) with No Cost EMI/Additional Exchange Offers,15999.0,4.3,961.0
Vivo V21 5G (Arctic Blue 8GB RAM 128GB Storage) with No Cost EMI/Additional Exchange Offers,29999.0,4.5,35.0
Samsung Galaxy M32 (Black 4GB RAM 64GB Storage) 6 Months Free Screen Replacement for Prime,23190.0,3.9,785.0
Samsung Galaxy A51 (Blue 8GB RAM 128GB Storage) Without Offer,5699.0,4.1,3623.0
Vivo V21e 5G (Sunset Jazz 8GB RAM 128GB Storage) | Upto 12 Months No Cost EMI | Extra 2500 Off on Exchange,1312.0,3.9,4984.0
Vivo V21 5G (Dusk Blue 8GB RAM 256GB Storage) with No Cost EMI/Additional Exchange Offers,8899.0,4.3,13.0
Redmi Note 9 (Pebble Grey 4GB RAM 64GB Storage) - 48MP Quad Camera & Full HD+ Display,49999.0,4.1,67307.0
iQOO 7 Legend 5G (Legendary Track Design 12GB RAM 256GB Storage) | Upto 9 Months No Cost EMI | 3GB Extended RAM | Rs.2000 Coupon Discount,27999.0,4.2,724.0
realme X7 Max 5G (Milky Way 12GB+256GB),5032.0,4.4,489.0
(Renewed) Nokia C3 Android 10 Smartphone with 2GB RAM 16GB Storage All-Day Battery and Fingerprint Sensor – Nordic Blue,6999.0,4.2,392.0
OnePlus 9R 5G (Lake Blue 12GB RAM 256GB Storage),12490.0,3.1,88.0
OnePlus 9R 5G (Carbon Black 12GB RAM 256 GB Storage),11490.0,4.3,1340.0
Vivo X50 (Glaze Black 8GB RAM 256GB Storage) with No Cost EMI/Additional Exchange Offers,18499.0,4.0,332.0
OnePlus Nord CE 5G (Blue Void 12GB RAM 256GB Storage),10999.0,4.4,7.0
OnePlus Nord CE 5G (Silver Ray 12GB RAM 256GB Storage),27999.0,4.2,1 rating
realme X7 Max 5G (Android Black 256 GB) (12 GB RAM),31990.0,3.4,52867.0
Samsung Galaxy M02 (Black2GB RAM 32GB Storage),10999.0,4.1,6981.0
OnePlus 8T 5G (Aquamarine Green 12GB RAM 256GB Storage),9999.0,3.5,20.0
Samsung Galaxy S10 Lite (Prism Black 8GB RAM 512GB Storage),24990.0,4.0,46.0
Realme narzo 20 (Glory Sliver 4GB RAM 128GB Storage) Without Offer,24999.0,3.9,9.0
IKALL K200 4G Smartphone (5.5 Inch IPS Display 2GB Ram 16GB Storage Volte Gold),24480.0,3.9,708.0
Redmi 9 Power (Blazing Blue 4GB RAM 64GB Storage) - 6000mAh Battery |FHD+ Screen| 48MP Quad Camera | Alexa Hands-Free Capable,14999.0,4.1,77740.0
Samsung Galaxy S10 Lite (Prism Black 8GB RAM 512GB Storage),17990.0,4.2,37.0
(Renewed) OnePlus 8 Pro (Onyx Black 12GB RAM+256GB Storage),17990.0,4.2,20.0
Vivo Y20G (Purist Blue 4GB 64GB Storage) with No Cost EMI/Additional Exchange Offers,20000.0,4.2,2705.0
Mi 11X 5G Celestial Silver 6GB RAM 128GB ROM | SD 870 | DisplayMate A+ rated E4 AMOLED|Upto 4000 Additional Exchange,19999.0,4.4,5264.0
Samsung Galaxy F62 (Laser Grey 6GB RAM 128GB Storage),38999.0,4.4,11522.0
Mi 11 Lite (Jazz Blue 8GB RAM 128GB Storage),16490.0,3.5,11522.0
Redmi 9A (Nature Green 2GB RAM 32GB Storage) | 2GHz Octa-core Helio G25 Processor | 5000 mAh Battery,32999.0,3.9,4984.0
Vivo X60 (Midnight Black 8GB RAM 128GB Storage) | Upto 12 Months No Cost EMI | Extra 3500 Off on Exchange,39999.0,4.3,28.0
Samsung Galaxy Note10 Lite (Aura Black 8GB RAM 128GB Storage) without Offers,13999.0,4.2,640.0
Vivo Y20G (Purist Blue 6GB 128GB Storage) with No Cost EMI/Additional Exchange Offers,29999.0,3.9,952.0
OnePlus 9R 5G (Carbon Black 12GB RAM 256 GB Storage),13999.0,3.9,3814.0
Vivo Y12s (Glacier Blue 3GB 32GB ) with No Cost EMI/Additional Exchange Offers,39999.0,3.4,66356.0
Samsung Galaxy F62 (Laser Blue 6GB RAM 128GB Storage),38990.0,4.4,2463.0
iQOO Z3 5G (Cyber Blue 6GB RAM 128GB Storage) | India's First SD 768G 5G Processor | 55W FlashCharge | Upto 6 Months No Cost EMI | Extra Rs.2000 Off on Exchange,38999.0,4.1,11522.0
Samsung Galaxy Note10 Lite (Aura Black 8GB RAM 128GB Storage) without Offers,12490.0,4.4,449.0
Realme narzo 30A (Laser Black 3GB RAM 32GB Storage) with No Cost EMI/Additional Exchange Offers,41990.0,4.0,4.0
itel Ace(4.5cm 1000mAh Light Blue),34990.0,4.2,70.0
Vivo V20 Pro 5G Sunset Melody 8GB RAM 128GB Storage,35990.0,3.1,539.0
Redmi Note 10S (Frost White 6GB RAM 64GB Storage) - Super Amoled Display | 64 MP Quad Camera |NCEMI Offer on HDFC Cards,39999.0,4.1,9.0
Lava BeU Rose Pink 2GB RAM 32GB Storage,7999.0,4.1,81.0
iQOO Z3 5G (Ace Black 8GB RAM 128GB Storage) | India's First SD 768G 5G Processor | 55W FlashCharge | Upto 6 Months No Cost EMI | Extra Rs.2000 Off on Exchange,17990.0,4.1,9.0
Mi 11X 5G Cosmic Black 6GB RAM 128GB ROM | SD 870 | DisplayMate A+ rated E4 AMOLED|Upto 4000 Additional Exchange,12490.0,3.5,616.0
MI 10T 5G Cosmic Black 8GB RAM 128GB Storage - | Alexa Hands-Free Capable |Additional Exchange/No Cost EMI Offers,10999.0,3.9,1922.0
Mi 10i 5G (Midnight Black 6GB RAM 128GB Storage) - 108MP Quad Camera | Snapdragon 750G Processor | Upto 2000 Additional Exchange,9999.0,4.2,2705.0
OnePlus 9R 5G (Lake Blue 8GB RAM 128GB Storage),11499.0,3.4,20.0
Mi 11 Lite (Tuscany Coral 6GB RAM 128GB Storage),34999.0,3.7,1238.0
Redmi 8A Dual (Sky White 2GB RAM 32GB Storage) – Dual Cameras & 5000 mAH Battery,7699.0,4.2,20993.0
(Renewed) OnePlus 8 (Glacial Green 8GB RAM+128GB Storage),11499.0,3.0,88.0
MI 10T Pro 5G (Lunar Silver 8GB RAM 128GB Storage) -|Alexa Hands-Free Capable | Additional Exchange/No Cost EMI Offers,32990.0,5.0,1086.0
Vivo Y73 (Roman Black 8GB RAM 128GB Storage) with No Cost EMI/Additional Exchange Offers,32990.0,4.1,8367.0
Samsung Galaxy M32 (Black 6GB RAM 128GB Storage) 6 Months Free Screen Replacement for Prime,32290.0,4.2,49080.0
Samsung Galaxy M51 (Electric Blue 6GB RAM 128GB Storage) 6 Months Free Screen Replacement for Prime,27999.0,4.3,79.0
Mi 11X 5G Celestial Silver 6GB RAM 128GB ROM | SD 870 | DisplayMate A+ rated E4 AMOLED|Upto 4000 Additional Exchange,16999.0,3.5,490.0
Vivo X60 (Midnight Black 12GB RAM 256GB Storage) | Upto 12 Months No Cost EMI | Extra 3500 Off on Exchange,16999.0,3.4,21077.0
(Renewed) Samsung Galaxy S20 FE 5G (Cloud Navy 8GB RAM 128GB Storage),18499.0,4.0,388.0
Gionee F8 Neo (Red) 2GB Ram 32GB ROM Face UnlockSmart Gestures Full View Display,49999.0,3.5,708.0
Mi 10i 5G (Atlantic Blue 8GB RAM 128GB Storage)- 108MP Quad Camera | Snapdragon 750G Processor | Upto 2000 Additional Exchange,23999.0,4.0,4133.0
Samsung Galaxy S10 Lite (Prism Black 8GB RAM 128GB),12490.0,4.3,52867.0
Tecno Spark 7 (Magnet Black 2GB RAM 32 GB Storage) - 6000mAh Battery|16 MP Dual Camera| 6.52” Dot Notch Display,35999.0,4.3,46.0
OnePlus 8T 5G (Lunar Silver 8GB RAM 128GB Storage),36990.0,4.1,85525.0
(Renewed) OnePlus 8T 5G (Aquamarine Green 12GB RAM 256GB Storage),21217.0,3.9,769.0
MI 10T 5G Lunar Silver 8GB RAM 128GB Storage - | Alexa Hands-Free Capable |Additional Exchange/No Cost EMI Offers,24999.0,3.1,327.0
Vivo Y20i (Dawn White 3GB RAM 64GB Storage) with No Cost EMI/Additional Exchange Offers,35990.0,3.7,3814.0
OPPO Reno3 Pro (Midnight Black 8GB RAM 256GB Storage) Without Offer,15990.0,4.1,1646.0
Redmi Note 9 Pro (Glacier White 4GB RAM 64GB Storage) - Latest 8nm Snapdragon 720G &Alexa Hands-Free Capable,34999.0,3.8,13.0
Mi 11X 5G Cosmic Black 8GB RAM 128GB ROM | SD 870 | DisplayMate A+ rated E4 AMOLED|Upto 4000 Additional Exchange,6649.0,4.3,9.0
Tecno Spark 7T(Jewel Blue 4GB RAM 4GB Storage) 6000 mAh Battery| 48 MP AI Dual Rear Camera 6.52 Handy Size,31999.0,3.6,13703.0
Vivo Y1s (Aurora Blue 3GB RAM 32GB Storage) with No Cost EMI/Additional Exchange Offers,20990.0,4.1,785.0
(Renewed) OnePlus 5T (Midnight Black 128GB),12999.0,4.6,71.0
Mi 11X 5G Lunar White 8GB RAM 128GB ROM | SD 870 | DisplayMate A+ rated E4 AMOLED|Upto 4000 Additional Exchange,45900.0,3.8,4986.0
Mi 11 Lite (Vinyl Black 8GB RAM 128GB Storage),23999.0,3.7,2935.0
Redmi Note 10 (Frost White 4GB RAM 64GB Storage) - Super Amoled Dot Display | 48MP Sony Sensor IMX582 | Snapdragon 678 Processor,29999.0,4.2,270.0
Oppo Reno4 Pro (Silky White 8GB RAM 128GB Storage) With No Cost EMI/Additional Exchange Offers,7999.0,4.1,4133.0
(Renewed) OnePlus 8 (Onyx Black 12GB RAM+256GB Storage),16999.0,4.2,539.0
Samsung Galaxy A21S (Black 6GB RAM 64GB Storage) Without Offer,21999.0,4.0,27.0
itel A23 Pro Jio (Lake Blue 1GB RAM 8 GB Storage 5'' Bright Display) (L5006C),37990.0,4.5,4986.0
LG V40 ThinQ (Grey 6GB RAM 128GB Storage),8999.0,4.1,1238.0
Mi 11X Pro 5G (Lunar White 8GB RAM 128GB Storage) | Snapdragon 888 | 108MP Camera | Upto 3000 Additional Exchange,22990.0,4.2,383.0
(Renewed) Samsung Galaxy S10 Lite (Prism White 8GB RAM 128GB Storage),24596.0,4.0,66356.0
Tecno Spark 7 (Spruce Green 3GB RAM 64 GB Storage) - 6000mAh Battery|16 MP Dual Camera| 6.52” Dot Notch Display,10499.0,4.2,411.0
Samsung Galaxy M32 (Light Blue 4GB RAM 64GB Storage) 6 Months Free Screen Replacement for Prime,37990.0,4.2,18.0
LG V40 ThinQ (Grey 6GB RAM 128GB Storage),44990.0,4.2,2935.0
Samsung Galaxy M31s (Mirage Black 8GB RAM 128GB Storage) 6 Months Free Screen Replacement for Prime,19990.0,4.0,4986.0
Mi 11X Pro 5G (Lunar White 8GB RAM 256GB Storage) | Snapdragon 888 | 108MP Camera,14999.0,4.1,88.0
iQOO Z3 5G (Ace Black 6GB RAM 128GB Storage) | India's First SD 768G 5G Processor | 55W FlashCharge | Upto 6 Months No Cost EMI | Extra Rs.2000 Off on Exchange,29999.0,3.4,539.0
Samsung Galaxy S10 Lite (Prism Black 8GB RAM 512GB Storage),25990.0,4.1,70126.0
Redmi 9 Prime (Space Blue 4GB RAM 64GB Storage)- Full HD+ Display & AI Quad Camera,21999.0,4.3,1963.0
Vivo X60 Pro (Midnight Black 12GB RAM 256GB Storage) | Upto 12 Months No Cost EMI | Extra 4000 Off on Exchange,4699.0,2.0,2935.0
Vivo V21 5G (Dusk Blue 8GB RAM 128GB Storage) with No Cost EMI/Additional Exchange Offers,19999.0,4.2,11624.0
(Renewed) OnePlus 8T 5G (Lunar Silver 8GB RAM 128GB Storage),10999.0,4.5,21689.0
Samsung Galaxy M11 (Metallic Blue 4GB RAM 64GB Storage) with No Cost EMI/Additional Exchange Offers,8999.0,5.0,1043.0
Redmi Note 10 Pro Max (Vintage Bronze 8GB RAM 128GB Storage) -108MP Quad Camera|120Hz Super Amoled Display | NCEMI Upto 6 Months,31990.0,3.2,37.0
Vivo Y72 5G (Slate Gray 8GB RAM 128GB Storage) with No Cost EMI/Additional Exchange Offers,37999.0,4.1,20.0
iQOO Z3 5G (Cyber Blue 8GB RAM 128GB Storage) | India's First SD 768G 5G Processor | 55W FlashCharge | Upto 6 Months No Cost EMI | Extra Rs.2000 Off on Exchange,21999.0,4.5,4986.0
Samsung Galaxy M32 (Light Blue 6GB RAM 128GB Storage) 6 Months Free Screen Replacement for Prime,25990.0,4.2,14576.0
Vivo X60 (Shimmer Blue 12GB RAM 256GB Storage) | Upto 12 Months No Cost EMI | Extra 3500 Off on Exchange,10999.0,3.9,37.0
Mi 11X Pro 5G (Cosmic Black 8GB RAM 256GB Storage) | Snapdragon 888 | 108MP Camera | Upto 3000 Additional Exchange,29990.0,4.2,4986.0
Vivo X60 Pro (Shimmer Blue 12GB RAM 256GB Storage) | Upto 12 Months No Cost EMI | Extra 4000 Off on Exchange,10999.0,4.1,44.0
Google Pixel 3 XL (Not Pink 64 GB) (4 GB RAM),6999.0,4.2,67307.0
Realme Narzo 30 5G (Racing Silver 6GB RAM 128GB Storage) Without Offers,10999.0,4.3,21077.0
OnePlus 9 5G (Astral Black 8GB RAM 128GB Storage),21999.0,4.2,943.0
iQOO Z3 5G (Ace Black 8GB RAM 128GB Storage) | India's First SD 768G 5G Processor | 55W FlashCharge | Upto 6 Months No Cost EMI | Extra Rs.2000 Off on Exchange,9999.0,4.3,66356.0
iQOO 7 5G (Solid Ice Blue 8GB RAM 256GB Storage)| Upto 9 Months No Cost EMI | 3GB Extended RAM | Extra Rs.2000 Off on Exchange,13990.0,4.1,14576.0
Tecno Spark 5 Pro (Seabed Blue 4GB RAM 64GB Storage),44990.0,2.4,10.0
Samsung Galaxy F62 (Laser Blue 8GB RAM 128GB Storage),7499.0,4.2,4.0
Tecno Spark 7 Pro (Alps Blue 4GB RAM 64GB Storage),34949.0,4.2,49080.0
Tecno Spark 7 (Morpheus Blue 2GB RAM 32 GB Storage) - 6000mAh Battery|16 MP Dual Camera| 6.52” Dot Notch Display,8999.0,4.1,985.0
OPPO Reno5 Pro 5G (Astral Blue 8GB RAM 128GB Storage) with No Cost EMI/Additional Exchange Offers,21999.0,4.1,588.0
realme C11 (2021) (Cool Grey 2GB RAM 32GB Storage) with No Cost EMI/Additional Exchange Offers,21999.0,4.3,927.0
(Renewed) Vivo X50 Pro (Alpha Grey 8GB RAM 256GB Storage) Without Offer,32999.0,4.3,2.0
OnePlus 9 5G (Astral Black 8GB RAM 128GB Storage),7499.0,4.2,67307.0
Mi 10 (Coral Green 8GB RAM 128GB Storage) - 108MP Quad Camera SD 865 Processor 5G Ready,31929.0,4.2,2.0
Tecno Spark 7 (Spruce Green 2GB RAM 32 GB Storage) - 6000mAh Battery|16 MP Dual Camera| 6.52” Dot Notch Display,34990.0,4.3,25.0
Redmi 9 Power (Mighty Black 4GB RAM 64GB Storage) - 6000mAh Battery |FHD+ Screen | 48MP Quad Camera | Alexa Hands-Free Capable,20990.0,4.3,66356.0
(Renewed) Samsung Galaxy S10 Lite (Prism White 8GB RAM 128GB Storage),25000.0,3.6,27.0
Samsung Galaxy M42 5G (Prism Dot Black 6GB RAM 128GB Storage) 6 Months Free Screen Replacement for Prime,39999.0,4.3,2334.0
LG V40 ThinQ (Grey 6GB RAM 128GB Storage),37990.0,4.1,871.0
Oppo A54 (Crystal Black 4GB RAM 128GB Storage) with No Cost EMI/Additional Exchange Offers,39999.0,4.3,65796.0
Micromax X754 Gunmetal Grey,39990.0,4.2,51.0
iQOO 7 5G (Solid Ice Blue 8GB RAM 128GB Storage)| Upto 9 Months No Cost EMI | 3GB Extended RAM | Extra Rs.2000 Off on Exchange,43999.0,3.4,25.0
Vivo Y73 (Diamond Flare 8GB RAM 128GB Storage) with No Cost EMI/Additional Exchange Offers,25999.0,4.1,20994.0
Samsung Galaxy S20 FE Cloud Navy 8GB RAM 128GB Storage,4519.0,3.7,985.0
Panasonic Eluga i7 (2GB RAM 16GB Storage Finger Print Sensor 4000mAh Battery) (Black),41999.0,3.7,49080.0
MI 11X Pro 5G (Celestial Silver 8GB RAM 256GB Storage) | Snapdragon 888 | 108MP Camera | Upto 2000 Additional Exchange,6499.0,4.2,270.0
Realme X50 Pro (Rust Red 8GB RAM 128GB Storage),8590.0,4.2,14.0
(Renewed) OPPO R17 Pro (Radiant Mist 8GB RAM 128GB Storage) with No Cost EMI/Additional Exchange Offers,59999.0,4.5,2194.0
Redmi Note 9 (Aqua Green 4GB RAM 64GB Storage) - 48MP Quad Camera & Full HD+ Display,22990.0,4.1,3623.0
Vivo X50 (Glaze Black 8GB RAM 128GB Storage) with No Cost EMI/Additional Exchange Offers,20990.0,4.2,13703.0
Vivo V15 Pro (Topaz Blue 8GB RAM 128GB Storage),20990.0,4.2,2334.0
MOTOROLA G10 Power (64 GB) (4 GB RAM) (Breeze Blue),33990.0,4.6,86.0
Gionee F11 Black (3GB Ram 32GB ROM) 5000mAh Battery Dual Camera,39999.0,4.1,1396.0
Redmi 9 Power (Electric Green 4GB RAM 64GB Storage) - 6000mAh Battery |FHD+ Screen| 48MP Quad Camera | Alexa Hands-Free Capable,36999.0,4.1,4986.0
Redmi 8A Dual (Sky White 3GB RAM 32GB Storage) – Dual Cameras & 5000 mAH Battery,37000.0,4.3,2705.0
Redmi 8A Dual (Midnight Grey 2GB RAM 32GB Storage) – Dual Cameras & 5000 mAH Battery,20499.0,2.9,3814.0
OPPO F19 Pro (Crystal Silver 8GB RAM 256GB Storage) with No Cost EMI/Additional Exchange Offers,24999.0,4.2,785.0
Redmi Note 10S (Deep Sea Blue 6GB RAM 64GB Storage) - Super Amoled Display | 64 MP Quad Camera |NCEMI Offer on HDFC Cards,20907.6,4.0,354.0
iQOO 7 5G (Storm Black 12GB RAM 256GB Storage)| Upto 9 Months No Cost EMI | 3GB Extended RAM | Extra Rs.2000 Off on Exchange,37698.0,3.8,19.0
OPPO A15 (Dynamic Black 3GB RAM 32GB Storage),3995.0,3.9,952.0
Realme X50 Pro (Moss Green 8GB RAM 128GB Storage),21670.0,3.0,3.0
Tecno Spark 7 Pro (Alps Blue 6GB RAM 64GB Storage),24199.0,4.0,60.0
Mi 11X Pro 5G (Cosmic Black 8GB RAM 128GB Storage) | Snapdragon 888 | 108MP Camera,8999.0,4.3,986.0
Mi 11X Pro 5G (Celestial Silver 8GB RAM 128GB Storage) | Snapdragon 888 | 108MP Camera | Upto 3000 Additional Exchange,19990.0,3.9,943.0
Redmi 9 Prime (Sunrise Flare 4GB RAM 64GB Storage)- Full HD+ Display & AI Quad Camera,31990.0,4.4,77740.0
Mi 11X 5G Celestial Silver 8GB RAM 128GB ROM | SD 870 | DisplayMate A+ rated E4 AMOLED|Upto 4000 Additional Exchange,5498.0,4.1,388.0
Google Pixel 3a XL (Just Black 64 GB) (4 GB RAM),20960.0,4.4,70126.0
Mi 10i 5G (Atlantic Blue 6GB RAM 128GB Storage) - 108MP Quad Camera | Snapdragon 750G Processor | Upto 2000 Additional Exchange,47999.0,3.9,86.0
Nokia C3 Android 10 Smartphone with 2GB RAM 16GB Storage All-Day Battery and Fingerprint Sensor – Nordic Blue,7999.0,4.2,33.0
Samsung Galaxy M02 (Blue2GB RAM 32GB Storage),37990.0,4.2,2214.0
Vivo Y72 5G (Prism Magic 8GB RAM 128GB Storage) with No Cost EMI/Additional Exchange Offers,34990.0,3.9,927.0
Samsung Galaxy A51 (Black 6GB RAM 128GB Storage) Without Offer,39999.0,3.4,39.0
MI 10T 5G Cosmic Black 6GB RAM 128GB Storage - | Alexa Hands-Free Capable |Additional Exchange/No Cost EMI Offers,11499.0,4.0,4.0
OPPO A15s (Fancy White 4GB RAM 64GB Storage) with No Cost EMI/Additional Exchange Offers,17999.0,4.2,927.0
Redmi 9A (Midnight Black 2GB RAM 32GB Storage) | 2GHz Octa-core Helio G25 Processor | 5000 mAh Battery,12999.0,4.2,4986.0
Redmi Note 9 Shadow Black 4GB RAM 64GB Storage,19999.0,3.1,11236.0
realme narzo 30 Pro (Blade Sliver 6GB RAM 64GB Storage) with No Cost EMI/Additional Exchange Offers,8999.0,4.2,78.0
Mi 10i 5G (Midnight Black 8GB RAM 128GB Storage) - 108MP Quad Camera | Snapdragon 750G Processor | Upto 2000 Additional Exchange,41999.0,4.1,43.0
Samsung Galaxy M31s (Mirage Black 6GB RAM 128GB Storage) 6 Months Free Screen Replacement for Prime,10499.0,4.2,1 rating
Samsung Galaxy M32 (Black 4GB RAM 64GB Storage) 6 Months Free Screen Replacement for Prime,36990.0,4.2,44.0
Realme narzo 30A (Laser Black 3GB RAM 32GB Storage) with No Cost EMI/Additional Exchange Offers,23999.0,4.3,93164.0
Vivo Y31 (Racing Black 6GB 128GB Storage) with No Cost EMI/Additional Exchange Offers,41990.0,4.2,2935.0
Realme Narzo 30 5G (Racing Blue 6GB RAM 128GB Storage) Without Offers,32990.0,4.3,44.0
Realme narzo 30A (Laser Blue 3GB RAM 32GB Storage) with No Cost EMI/Additional Exchange Offers,16999.0,4.1,1238.0
Panasonic Eluga I6 (Black 2GB Ram 16GB Storage) - 3 Month No Cost EMI,9990.0,4.0,1 rating
(Renewed) Samsung Galaxy S20 FE (Cloud Lavender 8GB RAM 128GB Storage) with No Cost EMI/Additional Exchange Offers,39999.0,4.3,1356.0
(Renewed) Mi 10 (Coral Green 8GB RAM 256GB Storage) - 108MP Quad Camera SD 865 Processor 5G Ready,8999.0,4.0,5264.0
Samsung Galaxy M32 (Black 6GB RAM 128GB Storage) 6 Months Free Screen Replacement for Prime,22000.0,4.2,12.0
Mi 11 Lite (Vinyl Black 6GB RAM 128GB Storage),15999.0,4.3,2935.0
Tecno Spark 7T(Magnet Black 4GB RAM64GB Storage) 6000 mAh Battery| 48 MP AI Dual Rear Camera,34999.0,3.8,11624.0
OnePlus Nord CE 5G (Blue Void 8GB RAM 128GB Storage),14999.0,1.0,1 rating
Samsung Galaxy M02 (Blue3GB RAM 32GB Storage),24990.0,4.1,65796.0
Vivo V21 5G (Sunset Dazzle 8GB RAM 256GB Storage) with No Cost EMI/Additional Exchange Offers,9999.0,4.2,1405.0
OPPO Reno5 Pro 5G (Starry Black 8GB RAM 128GB Storage) with No Cost EMI/Additional Exchange Offers,35990.0,4.4,833.0
LG W31 (Midnight Blue HD+ FullVision Display 4GB/64GB Storage) | 4000 mAh Battery with MediaTekHelio G25 2.0GHz Octa-Core Processor,10499.0,3.0,1340.0
realme C11 (2021) (Cool Blue 2GB RAM 32GB Storage) with No Cost EMI/Additional Exchange Offers,8499.0,3.1,539.0
Vivo X50 (Frost Blue 8GB RAM 128GB Storage) with No Cost EMI/Additional Exchange Offers,20990.0,4.5,2935.0
Redmi 8A Dual (Sea Blue 2GB RAM 32GB Storage) – Dual Cameras & 5000 mAH Battery,17990.0,5.0,2041.0
Google Pixel 3 XL (Not Pink 64 GB) (4 GB RAM),44999.0,3.4,2705.0
Redmi 9 Prime (Matte Black 4GB RAM 64GB Storage) - Full HD+ Display & AI Quad Camera,44990.0,4.2,2463.0
OnePlus Nord CE 5G (Charcoal Ink 12GB RAM 256GB Storage),43999.0,4.2,1238.0
BOLLYWOOD COLLECTION Jio Phone 3 Model 2021  Black,13990.0,4.2,85525.0
Redmi Note 10 (Shadow Black 4GB RAM 64GB Storage) - Amoled Dot Display | 48MP Sony Sensor IMX582 | Snapdragon 678 Processor,12999.0,4.2,4986.0
iQOO 7 5G (Storm Black 8GB RAM 256GB Storage)| Upto 9 Months No Cost EMI | 3GB Extended RAM | Extra Rs.2000 Off on Exchange,30188.0,4.2,1396.0
